"Полный к. С. Льюис подпись классика 7 книг в коробочной упаковке коллекция"," 					2 146,21 руб. ",5,
"2017 маленький принц испанский миниатюрный кусп principito hardbound цвет страни..."," 					620,87 руб. ","No rating",
"Потерянный классика безграмотности роберта ruark твердый переплет, кусп (на англ..."," 					1 502,18 руб. ",5,
"Питтак ЛОР коллекция лориенская сага серия 5 книг комплект мягкая обложка на анг..."," 					2 512,23 руб. ","No rating",
"Новый дивный новый мир от Олдос Хаксли, бумажный переплет, книга (на английском ..."," 					743,46 руб. ","No rating",
"Новый двадцать Любовные стихи и песни отчаяния от Пабло Неруда мягкая обложка"," 					998,58 руб. ","No rating",
"Мэри Поппинс полная коллекция 5 книга бокс-сет от p l траверс совершенно новый"," 					1 443,01 руб. ","No rating",
"маленький принц на английском языке миниатюрная книга в твердом переплете цветны..."," 					564,37 руб. ",5,
"алхимик: басня о после вашей мечты по пауло КОЭЛЬО (книга в мягкой обложке)"," 					796,00 руб. ","No rating",
"Энид Блайтон Волшебный далекий дерево 3 книга комплект новый магический деревянн..."," 					1 826,04 руб. ","No rating",
"отклонение серия из 4 книг в коробке комплект Вероника рот совершенно новый Сидн..."," 					2 335,22 руб. ","No rating",
"1001 арабские ночи ~ изысканная кожа подарочное издание ~ теперь вышел из печати"," 					2 258,63 руб. ","No rating",
"новый бегство Логана: винтажный MOVIE Classics by Уильям Ф Нолан книга в мягкой ..."," 					740,64 руб. ",5,
"новый к востоку от рая Джона стейнбека книга в мягкой обложке (английский) Беспл..."," 					834,98 руб. ","No rating",
"Новое слово облако классика бокс-сет, Шарлотта Бронте Multi-копия упаковка"," 					3 773,60 руб. ","No rating",
"Хоббит: карманное издание в твердом переплете – 18 масштабным за 2012 за счет д...."," 					747,42 руб. ","No rating",
"Новый Винни-Пух"", классическая коллекция 4 книги в штучной упаковке набор a миль..."," 					1 698,64 руб. ","No rating",
"Гордость и предубеждение (пингвин классика твердый переплет)"," 					1 071,13 руб. ",5,
"Труп гедеона вику Александром лейнг, бумажный переплет, книга (на английском язы..."," 					1 568,27 руб. ","No rating",
"Новый ЗОВ предков Джек Лондон, бумажный переплет, книга (на английском языке), б..."," 					364,95 руб. ","No rating",
"Великий Гэтсби книга, Фрэнсис Скотт Фицджеральд, книга в мягкой обложке, 2014 по..."," 					112,42 руб. ","No rating",
